{
  "arrival.mp3": {
    "bpm": 161.5,
    "energy": 0.0458,
    "mfcc": [
      -312.9895,
      162.4649,
      -24.7132,
      32.8814,
      16.3726,
      3.7361,
      0.4554,
      6.7808,
      0.9419,
      -3.906,
      -6.0712,
      -5.5344,
      -7.7238
    ],
    "chroma": [
      0.2891,
      0.295,
      0.1296,
      0.1804,
      0.1773,
      0.5301,
      0.2876,
      0.175,
      0.342,
      0.2382,
      0.2781,
      0.1934
    ],
    "brightness": 905.44,
    "embedding": [
      0.0022701730364324177,
      0.00012876027872273031,
      0.000509103522998729,
      -0.8799260973206987,
      0.4567472883550329,
      -0.06947769694608251,
      0.09244144604352804,
      0.046029269419558386,
      0.010503521339213815,
      0.0012802932517539604,
      0.01906326851447794,
      0.00264801979320829,
      -0.010981171368798791,
      -0.017068327602214852,
      -0.015559189662949315,
      -0.021714380803463416,
      0.0008127641174397672,
      0.0008293511402446603,
      0.00036435222974816263,
      0.0005071693074580906,
      0.0004984540920860281,
      0.0014903018286226931,
      0.0008085470777436078,
      0.0004919879645519171,
      0.0009614850507243182,
      0.0006696659037500952,
      0.0007818391596679324,
      0.0005437169848248044
    ]
  },
  "dune.mp3": {
    "bpm": 117.45,
    "energy": 0.019,
    "mfcc": [
      -381.3018,
      89.4787,
      -5.1174,
      31.381,
      -1.435,
      -0.1682,
      -16.4617,
      -7.7616,
      -8.2659,
      -6.2949,
      1.1949,
      6.3088,
      -1.1642
    ],
    "chroma": [
      0.1375,
      0.272,
      0.7147,
      0.2328,
      0.1321,
      0.1369,
      0.1076,
      0.11,
      0.2617,
      0.3779,
      0.1981,
      0.0925
    ],
    "brightness": 1747.3,
    "embedding": [
      0.001492127984178053,
      4.8276597189243094e-05,
      0.0008879336659869943,
      -0.9688396529543859,
      0.22735406089037508,
      -0.013002666234538558,
      0.07973515244187566,
      -0.0036461535245559916,
      -0.00042737492880161516,
      -0.04182709789211385,
      -0.01972124403915943,
      -0.021002606563503393,
      -0.015994544823503494,
      0.0030360897884961356,
      0.016029862965657726,
      -0.0029580849709324635,
      0.0003493701112379435,
      0.0006911176018670591,
      0.001815962316376423,
      0.0005915153592450417,
      0.0003356493941420533,
      0.00034784558711617783,
      0.0002733979925032925,
      0.00027949608899035475,
      0.0006649466044434167,
      0.0009601961093586824,
      0.0005033470475362662,
      0.00023503080210552559
    ]
  },
  "interstellar.mp3": {
    "bpm": 184.57,
    "energy": 0.0525,
    "mfcc": [
      -386.9251,
      164.546,
      20.551,
      38.226,
      12.3241,
      3.9336,
      3.9995,
      -1.9712,
      -3.179,
      -3.6012,
      -6.6103,
      -4.8266,
      -5.5947
    ],
    "chroma": [
      0.2485,
      0.1413,
      0.1656,
      0.2084,
      0.6358,
      0.3382,
      0.2047,
      0.3169,
      0.2567,
      0.2969,
      0.1795,
      0.1921
    ],
    "brightness": 515.74,
    "embedding": [
      0.0021813646018520616,
      0.0001240956185699011,
      0.0002438136164618697,
      -0.9145849452327779,
      0.388941669584818,
      0.04857693442342929,
      0.09035579267529599,
      0.029130796434615584,
      0.00929795286107739,
      0.009453722408958466,
      -0.0046593768252378865,
      -0.007514285170166011,
      -0.008512250316074816,
      -0.015624938427287948,
      -0.011408760239799708,
      -0.01322433823262906,
      0.0005873859278975319,
      0.00033399449340813385,
      0.00039143303686048803,
      0.0004926005125708075,
      0.0015028570340332025,
      0.0007994121561969629,
      0.0004838547261192144,
      0.0007490647909486031,
      0.0006067684816551164,
      0.0007017902695886407,
      0.00042428882920566186,
      0.0004540717776624381
    ]
  },
  "shape_of_you.mp3": {
    "bpm": 129.2,
    "energy": 0.2178,
    "mfcc": [
      -130.4476,
      101.4786,
      5.0575,
      23.1019,
      4.8055,
      -0.3095,
      -13.6274,
      -6.0172,
      -17.1687,
      -3.9725,
      -5.0672,
      2.8693,
      -2.2758
    ],
    "chroma": [
      0.2545,
      0.5278,
      0.2944,
      0.2695,
      0.3841,
      0.3112,
      0.4235,
      0.3224,
      0.3458,
      0.3881,
      0.2414,
      0.2597
    ],
    "brightness": 1884.21,
    "embedding": [
      0.0038285539124148942,
      0.00129080347078013,
      0.0022333744790437363,
      -0.7731047513082557,
      0.6014184072080281,
      0.029973547077458716,
      0.13691465886875798,
      0.02848005545837427,
      -0.0018342684766136377,
      -0.08076352257901352,
      -0.035661260993471985,
      -0.10175122841498081,
      -0.02354323593973401,
      -0.030031034651685377,
      0.01700506151840876,
      -0.013487651693303121,
      0.001508308004194413,
      0.003128035224415761,
      0.0017447775105494505,
      0.0015972063148542016,
      0.002276389408294986,
      0.0018443436184884135,
      0.002509895637628031,
      0.0019107210237810559,
      0.002049402388410326,
      0.0023000956244709297,
      0.0014306701462181975,
      0.0015391260852231396
    ]
  },
  "cornfield_chase.mp3": {
    "bpm": 99.38,
    "energy": 0.0374,
    "mfcc": [
      -353.6828,
      130.7899,
      30.2005,
      20.6843,
      10.2108,
      2.4331,
      1.642,
      -0.5569,
      -0.8571,
      -2.3508,
      -1.738,
      2.8759,
      3.8882
    ],
    "chroma": [
      0.2324,
      0.1143,
      0.1396,
      0.3014,
      0.9088,
      0.3769,
      0.1768,
      0.1998,
      0.186,
      0.2852,
      0.1583,
      0.2337
    ],
    "brightness": 763.26,
    "embedding": [
      0.001310881161720704,
      9.866563785138727e-05,
      0.00040271408955320777,
      -0.9330571940926372,
      0.3450392756154854,
      0.07967250256499522,
      0.05456763778100133,
      0.026937302004624204,
      0.006418806509524341,
      0.004331790838288179,
      -0.001469168281268384,
      -0.0022611315027386103,
      -0.006201689343878106,
      -0.004585050229564467,
      0.007586965451786221,
      0.010257532970421496,
      0.0006130987763813476,
      0.0003015369627383306,
      0.00036828136481426905,
      0.0007951289638611798,
      0.0023975222374155282,
      0.0009943069226253439,
      0.00046641937893383075,
      0.0005270961080937747,
      0.0004906900705978083,
      0.0007523914415833061,
      0.00041761418373996266,
      0.0006165283306382139
    ]
  },
  "time.mp3": {
    "bpm": 123.05,
    "energy": 0.0445,
    "mfcc": [
      -487.4272,
      131.2542,
      80.2903,
      49.6544,
      35.4676,
      24.3749,
      18.8863,
      17.2115,
      13.1307,
      8.1031,
      5.5265,
      4.5242,
      3.7989
    ],
    "chroma": [
      0.5394,
      0.406,
      0.392,
      0.3886,
      0.3858,
      0.4111,
      0.5373,
      0.6179,
      0.6065,
      0.609,
      0.5578,
      0.5835
    ],
    "brightness": 197.42,
    "embedding": [
      0.0011917160821223567,
      8.619482430628991e-05,
      7.647902118897867e-05,
      -0.9441281318226257,
      0.25423444288680086,
      0.15551928768537776,
      0.09617870301200544,
      0.06869940563069142,
      0.0472132634378289,
      0.03658205191676142,
      0.03333802738309458,
      0.025433671449856202,
      0.015695399569355006,
      0.010704622393903624,
      0.00876320503655094,
      0.0073583262484756135,
      0.0010447974883328714,
      0.000786406711648398,
      0.000759289238832936,
      0.0007527035668634666,
      0.0007472800723003741,
      0.0007962852196026019,
      0.0010407298674105522,
      0.0011968490323338548,
      0.001174767661612693,
      0.001179610067472597,
      0.0010804375954617644,
      0.0011302175277015769
    ]
  }
}